"rank","day","start","Length"
"265","17","2020-11-03 17:06:54","0"
"266","17","2020-11-03 17:00:54","270733"
"267","17","2020-11-03 16:54:54","230986"
"268","17","2020-11-03 16:48:54","284693"
"269","17","2020-11-03 16:42:54","451320"
"270","17","2020-11-03 16:36:54","229598"
"271","17","2020-11-03 16:30:54","316733"
"272","17","2020-11-03 16:24:54","252613"
"273","17","2020-11-03 16:18:54","205613"
"274","17","2020-11-03 16:12:54","341666"
"275","17","2020-11-03 16:06:54","167906"
"276","17","2020-11-03 15:59:24","0"
"277","17","2020-11-03 15:51:54","0"
"278","17","2020-11-03 15:44:24","205131"
"279","17","2020-11-03 15:36:54","230506"
"280","17","2020-11-03 15:29:24","289533"
"281","17","2020-11-03 15:21:54","520786"
"282","17","2020-11-03 15:14:24","366213"
"283","17","2020-11-03 15:06:54","382834"
"284","17","2020-11-03 15:01:54","305293"
"285","17","2020-11-03 14:56:54","196906"
"286","17","2020-11-03 14:51:54","334666"
"287","17","2020-11-03 14:46:54","193893"
"288","17","2020-11-03 14:41:54","223746"
"289","17","2020-11-03 14:36:54","0"
"290","17","2020-11-03 14:31:54","216426"
"291","17","2020-11-03 14:26:54","493400"
"292","17","2020-11-03 14:21:54","238240"
"293","17","2020-11-03 14:16:54","282160"
"294","17","2020-11-03 14:11:54","235893"
"295","17","2020-11-03 14:06:54","265960"
"296","17","2020-11-03 13:59:24","211423"
"297","17","2020-11-03 13:51:54","613800"
"298","17","2020-11-03 13:44:24","333893"
"299","17","2020-11-03 13:36:54","309640"
"300","17","2020-11-03 13:29:24","452333"
"301","17","2020-11-03 13:21:54","234426"
"302","17","2020-11-03 13:14:24","294600"
"303","17","2020-11-03 13:06:54","371413"
"304","17","2020-11-03 13:00:54","293293"
"305","17","2020-11-03 12:54:54","267306"
"306","17","2020-11-03 12:48:54","262346"
"307","17","2020-11-03 12:42:54","214760"
"308","17","2020-11-03 12:36:54","287066"
"309","17","2020-11-03 12:30:54","318200"
"310","17","2020-11-03 12:24:54","0"
"311","17","2020-11-03 12:18:54","329400"
"312","17","2020-11-03 12:12:54","546018"
"313","17","2020-11-03 12:06:54","364493"
"314","17","2020-11-03 12:00:54","270920"
"315","17","2020-11-03 11:54:54","283733"
"316","17","2020-11-03 11:48:54","298266"
"317","17","2020-11-03 11:42:54","515080"
"318","17","2020-11-03 11:36:54","370426"
"319","17","2020-11-03 11:30:54","204866"
"320","17","2020-11-03 11:24:54","255080"
"321","17","2020-11-03 11:18:54","189293"
"322","17","2020-11-03 11:12:54","283800"
"323","17","2020-11-03 11:06:54","261906"
"324","17","2020-11-03 11:01:27","242093"
"325","17","2020-11-03 10:56:00","345706"
"326","17","2020-11-03 10:50:33","333800"
"327","17","2020-11-03 10:45:06","0"
"328","17","2020-11-03 10:39:39","281226"
"329","17","2020-11-03 10:34:12","239813"
"330","17","2020-11-03 10:28:45","299733"
"331","17","2020-11-03 10:23:18","327000"
"332","17","2020-11-03 10:17:51","336453"
"333","17","2020-11-03 10:12:24","188653"
"334","17","2020-11-03 10:06:57","217573"
"335","17","2020-11-03 10:01:30","278973"
"336","17","2020-11-03 09:56:03","290493"
"337","17","2020-11-03 09:50:36","213933"
"338","17","2020-11-03 09:45:09","386373"
"339","17","2020-11-03 09:39:42","176346"
"340","17","2020-11-03 09:34:15","0"
"341","17","2020-11-03 09:28:48","252773"
"342","17","2020-11-03 09:23:21","246000"
"343","17","2020-11-03 09:17:54","177026"
"344","17","2020-11-03 09:12:27","0"
"345","17","2020-11-03 09:07:00","254733"
"346","17","2020-11-03 08:57:00","245226"
"347","17","2020-11-03 08:47:00","340640"
"348","17","2020-11-03 08:37:00","0"
"349","17","2020-11-03 08:27:00","238866"
"350","17","2020-11-03 08:17:00","209960"
"351","17","2020-11-03 08:07:00","234093"
"352","16","2020-11-02 17:06:47","213706"
"353","16","2020-11-02 17:01:04","232133"
"354","16","2020-11-02 16:55:21","201960"
"355","16","2020-11-02 16:49:38","0"
"356","16","2020-11-02 16:31:03","397826"
"357","16","2020-11-02 16:15:20","206903"
"358","16","2020-11-02 16:09:37","311000"
"359","16","2020-11-02 16:03:54","236973"
"360","16","2020-11-02 15:58:11","0"
"361","16","2020-11-02 15:52:28","303466"
"362","16","2020-11-02 15:46:45","0"
"363","16","2020-11-02 15:41:02","122066"
"364","16","2020-11-02 15:35:19","0"
"365","16","2020-11-02 15:29:36","304693"
"366","16","2020-11-02 15:23:53","317426"
"367","16","2020-11-02 15:18:10","249626"
"368","16","2020-11-02 15:12:27","249960"
"369","16","2020-11-02 15:06:44","0"
"370","16","2020-11-02 15:00:56","180160"
"371","16","2020-11-02 14:55:08","232453"
"372","16","2020-11-02 14:49:20","299226"
"373","16","2020-11-02 14:43:32","0"
"374","16","2020-11-02 14:37:44","269000"
"375","16","2020-11-02 14:31:56","0"
"376","16","2020-11-02 14:26:08","273898"
"377","16","2020-11-02 14:20:20","262440"
"378","16","2020-11-02 14:14:32","259866"
"379","16","2020-11-02 14:08:44","277360"
"380","16","2020-11-02 14:02:56","227250"
"381","16","2020-11-02 13:57:08","341773"
"382","16","2020-11-02 13:51:20","0"
"383","16","2020-11-02 13:45:32","274000"
"384","16","2020-11-02 13:39:44","270866"
"385","16","2020-11-02 13:33:56","267594"
"386","16","2020-11-02 13:28:08","187146"
"387","16","2020-11-02 13:22:20","393706"
"388","16","2020-11-02 13:16:32","250533"
"389","16","2020-11-02 13:10:44","595613"
"390","16","2020-11-02 13:04:56","278440"
"391","16","2020-11-02 12:59:08","0"
"392","16","2020-11-02 12:53:20","238400"
"393","16","2020-11-02 12:47:32","318813"
"394","16","2020-11-02 12:41:44","239912"
"395","16","2020-11-02 12:35:56","0"
"396","16","2020-11-02 12:30:08","170906"
"397","16","2020-11-02 12:24:20","308666"
"398","16","2020-11-02 12:18:32","227200"
"399","16","2020-11-02 12:12:44","434720"
"400","16","2020-11-02 12:06:56","270426"
"401","16","2020-11-02 12:01:43","266200"
"402","16","2020-11-02 11:56:30","218000"
"403","16","2020-11-02 11:51:17","273200"
"404","16","2020-11-02 11:46:04","245226"
"405","16","2020-11-02 11:40:51","231573"
"406","16","2020-11-02 11:35:38","290186"
"407","16","2020-11-02 11:30:25","0"
"408","16","2020-11-02 11:25:12","207356"
"409","16","2020-11-02 11:19:59","350266"
"410","16","2020-11-02 11:14:46","373306"
"411","16","2020-11-02 11:09:33","231933"
"412","16","2020-11-02 11:04:20","0"
"413","16","2020-11-02 10:59:07","210133"
"414","16","2020-11-02 10:53:54","271440"
"415","16","2020-11-02 10:48:41","211253"
"416","16","2020-11-02 10:43:28","269973"
"417","16","2020-11-02 10:38:15","0"
"418","16","2020-11-02 10:33:02","167066"
"419","16","2020-11-02 10:27:49","256240"
"420","16","2020-11-02 10:22:36","290706"
"421","16","2020-11-02 10:17:23","0"
"422","16","2020-11-02 10:12:10","336440"
"423","16","2020-11-02 10:06:57","246920"
"424","16","2020-11-02 10:01:30","302135"
"425","16","2020-11-02 09:56:03","259946"
"426","16","2020-11-02 09:50:36","141600"
"427","16","2020-11-02 09:45:09","145746"
"428","16","2020-11-02 09:39:42","0"
"429","16","2020-11-02 09:34:15","265906"
"430","16","2020-11-02 09:28:48","289560"
"431","16","2020-11-02 09:23:21","265306"
"432","16","2020-11-02 09:17:54","207213"
"433","16","2020-11-02 09:12:27","234013"
"434","16","2020-11-02 09:07:00","307733"
"435","16","2020-11-02 08:57:00","218973"
"436","16","2020-11-02 08:47:00","233133"
"437","16","2020-11-02 08:37:00","323000"
"438","16","2020-11-02 08:27:00","322548"
"439","16","2020-11-02 08:17:00","230040"
"440","16","2020-11-02 08:07:00","340742"
"441","16","2020-11-02 07:57:00","274440"
"442","16","2020-11-02 07:47:00","197594"
"443","16","2020-11-02 07:37:00","0"
"444","16","2020-11-02 07:27:00","0"
"445","16","2020-11-02 07:17:00","136146"
"446","16","2020-11-02 07:07:00","309960"
"447","15","2020-10-30 17:30:23","363853"
"448","15","2020-10-30 17:23:04","363586"
"449","15","2020-10-30 17:15:45","201726"
"450","15","2020-10-30 17:08:26","183506"
"451","15","2020-10-30 17:01:07","268826"
"452","15","2020-10-30 16:53:48","216200"
"453","15","2020-10-30 16:46:29","250209"
"454","15","2020-10-30 16:39:10","229960"
"455","15","2020-10-30 16:31:51","240933"
"456","15","2020-10-30 16:24:32","271906"
"457","15","2020-10-30 16:17:13","217000"
"458","15","2020-10-30 16:09:54","212733"
"459","15","2020-10-30 16:02:35","281466"
"460","15","2020-10-30 15:55:16","230480"
"461","15","2020-10-30 15:47:57","330546"
"462","15","2020-10-30 15:40:38","214653"
"463","15","2020-10-30 15:33:19","342821"
"464","15","2020-10-30 15:26:00","303133"
"465","15","2020-10-30 15:18:41","441466"
"466","15","2020-10-30 15:11:22","301866"
"467","15","2020-10-30 15:04:03","269920"
"468","15","2020-10-30 14:56:44","266200"
"469","15","2020-10-30 14:49:25","377093"
"470","15","2020-10-30 14:42:06","218973"
"471","15","2020-10-30 14:34:47","178440"
"472","15","2020-10-30 14:27:28","219746"
"473","15","2020-10-30 14:20:09","343640"
"474","15","2020-10-30 14:12:50","543866"
"475","15","2020-10-30 14:05:31","231480"
"476","15","2020-10-30 13:58:12","233173"
"477","15","2020-10-30 13:50:53","250333"
"478","15","2020-10-30 13:43:34","148360"
"479","15","2020-10-30 13:36:15","199453"
"480","15","2020-10-30 13:28:56","238573"
"481","15","2020-10-30 13:21:37","0"
"482","15","2020-10-30 13:14:18","383933"
"483","15","2020-10-30 13:06:59","320106"
"484","15","2020-10-30 12:59:40","0"
"485","15","2020-10-30 12:52:21","512733"
"486","15","2020-10-30 12:45:02","326866"
"487","15","2020-10-30 12:37:43","206936"
"488","15","2020-10-30 12:30:24","0"
"489","15","2020-10-30 12:23:05","217133"
"490","15","2020-10-30 12:15:46","266040"
"491","15","2020-10-30 12:08:27","407800"
"492","15","2020-10-30 12:01:08","247010"
"493","15","2020-10-30 11:53:49","0"
"494","15","2020-10-30 11:46:30","196905"
"495","15","2020-10-30 11:39:11","240213"
"496","15","2020-10-30 11:31:52","243826"
"497","15","2020-10-30 11:24:33","233128"
"498","15","2020-10-30 11:17:14","283693"
"499","15","2020-10-30 11:09:55","153466"
"500","15","2020-10-30 11:02:36","249266"
"501","15","2020-10-30 10:55:17","230760"
"502","15","2020-10-30 10:47:58","858133"
"503","15","2020-10-30 10:40:39","178360"
"504","15","2020-10-30 10:33:20","311200"
"505","15","2020-10-30 10:26:01","316198"
"506","15","2020-10-30 10:18:42","197800"
"507","15","2020-10-30 10:11:23","231533"
"508","15","2020-10-30 10:04:04","274133"
"509","15","2020-10-30 09:56:45","0"
"510","15","2020-10-30 09:49:26","283400"
"511","15","2020-10-30 09:42:07","334893"
"512","15","2020-10-30 09:34:48","351360"
"513","15","2020-10-30 09:27:29","308120"
"514","15","2020-10-30 09:20:10","241773"
"515","15","2020-10-30 09:12:51","1081316"
"516","15","2020-10-30 09:05:32","493400"
"517","15","2020-10-30 08:58:13","247388"
"518","15","2020-10-30 08:50:54","456026"
"519","15","2020-10-30 08:43:35","244160"
"520","15","2020-10-30 08:36:16","282906"
"521","15","2020-10-30 08:28:57","207960"
"522","15","2020-10-30 08:21:38","253386"
"523","15","2020-10-30 08:14:19","588666"
"524","15","2020-10-30 08:07:00","264160"
"525","14","2020-10-29 18:56:11","0"
"526","14","2020-10-29 18:45:30","158573"
"527","14","2020-10-29 18:34:49","0"
"528","14","2020-10-29 18:24:08","297682"
"529","14","2020-10-29 18:13:27","202146"
"530","14","2020-10-29 18:02:46","290106"
"531","14","2020-10-29 17:52:05","244960"
"532","14","2020-10-29 17:41:24","0"
"533","14","2020-10-29 17:30:43","205784"
"534","14","2020-10-29 17:20:02","241306"
"535","14","2020-10-29 17:09:21","285653"
"536","14","2020-10-29 16:58:40","508200"
"537","14","2020-10-29 16:47:59","161123"
"538","14","2020-10-29 16:37:18","613440"
"539","14","2020-10-29 16:26:37","0"
"540","14","2020-10-29 16:15:56","216053"
"541","14","2020-10-29 16:05:15","0"
"542","14","2020-10-29 15:54:34","221640"
"543","14","2020-10-29 15:43:53","348226"
"544","14","2020-10-29 15:33:12","275395"
"545","14","2020-10-29 15:22:31","713191"
"546","14","2020-10-29 15:11:50","241306"
"547","14","2020-10-29 15:01:09","240400"
"548","14","2020-10-29 14:55:51","237800"
"549","14","2020-10-29 14:50:33","326813"
"550","14","2020-10-29 14:45:15","272293"
"551","14","2020-10-29 14:39:57","268426"
"552","14","2020-10-29 14:34:39","255680"
"553","14","2020-10-29 14:29:21","254293"
"554","14","2020-10-29 14:24:03","166400"
"555","14","2020-10-29 14:18:45","447440"
"556","14","2020-10-29 14:13:27","268586"
"557","14","2020-10-29 14:08:09","346960"
"558","14","2020-10-29 14:02:51","281780"
"559","14","2020-10-29 13:57:33","274281"
"560","14","2020-10-29 13:52:15","257253"
"561","14","2020-10-29 13:46:57","269906"
"562","14","2020-10-29 13:41:39","284733"
"563","14","2020-10-29 13:36:21","0"
"564","14","2020-10-29 13:31:03","0"
"565","14","2020-10-29 13:25:45","428851"
"566","14","2020-10-29 13:20:27","242093"
"567","14","2020-10-29 13:15:09","289533"
"568","14","2020-10-29 13:09:51","260173"
"569","14","2020-10-29 13:04:33","238173"
"570","14","2020-10-29 12:59:15","253840"
"571","14","2020-10-29 12:53:57","255373"
"572","14","2020-10-29 12:48:39","0"
"573","14","2020-10-29 12:43:21","0"
"574","14","2020-10-29 12:38:03","244773"
"575","14","2020-10-29 12:32:45","210880"
"576","14","2020-10-29 12:27:27","304840"
"577","14","2020-10-29 12:22:09","278026"
"578","14","2020-10-29 12:16:51","232146"
"579","14","2020-10-29 12:11:33","347626"
"580","14","2020-10-29 12:06:15","227440"
"581","14","2020-10-29 12:00:57","0"
"582","14","2020-10-29 11:55:44","326666"
"583","14","2020-10-29 11:50:31","267933"
"584","14","2020-10-29 11:45:18","149466"
"585","14","2020-10-29 11:40:05","260733"
"586","14","2020-10-29 11:34:52","214986"
"587","14","2020-10-29 11:29:39","294200"
"588","14","2020-10-29 11:24:26","296480"
"589","14","2020-10-29 11:19:13","238733"
"590","14","2020-10-29 11:14:00","0"
"591","14","2020-10-29 11:08:47","261413"
"592","14","2020-10-29 11:03:34","288533"
"593","14","2020-10-29 10:58:21","289360"
"594","14","2020-10-29 10:53:08","242106"
"595","14","2020-10-29 10:47:55","283466"
"596","14","2020-10-29 10:42:42","269893"
"597","14","2020-10-29 10:37:29","215853"
"598","14","2020-10-29 10:32:16","314720"
"599","14","2020-10-29 10:27:03","161920"
"600","14","2020-10-29 10:21:50","313373"
"601","14","2020-10-29 10:16:37","197240"
"602","14","2020-10-29 10:11:24","245640"
"603","14","2020-10-29 10:06:11","306853"
"604","14","2020-10-29 10:00:58","0"
"605","14","2020-10-29 09:54:58","369293"
"606","14","2020-10-29 09:48:58","277788"
"607","14","2020-10-29 09:42:58","246653"
"608","14","2020-10-29 09:36:58","257813"
"609","14","2020-10-29 09:30:58","0"
"610","14","2020-10-29 09:24:58","0"
"611","14","2020-10-29 09:18:58","497933"
"612","14","2020-10-29 09:12:58","299533"
"613","14","2020-10-29 09:06:58","160133"
"614","14","2020-10-29 08:58:24","256533"
"615","14","2020-10-29 08:49:50","205600"
"616","14","2020-10-29 08:41:16","167906"
"617","14","2020-10-29 08:32:42","293133"
"618","14","2020-10-29 08:24:08","244560"
"619","14","2020-10-29 08:15:34","205600"
"620","14","2020-10-29 08:07:00","312333"
"621","13","2020-10-28 18:33:29","186813"
"622","13","2020-10-28 18:25:13","179600"
"623","13","2020-10-28 18:16:57","258013"
"624","13","2020-10-28 18:08:41","318320"
"625","13","2020-10-28 18:00:25","0"
"626","13","2020-10-28 17:52:09","289440"
"627","13","2020-10-28 17:43:53","319266"
"628","13","2020-10-28 17:35:37","666571"
"629","13","2020-10-28 17:27:21","487546"
"630","13","2020-10-28 17:19:05","516679"
"631","13","2020-10-28 17:10:49","256333"
"632","13","2020-10-28 17:02:33","244693"
"633","13","2020-10-28 16:54:17","185440"
"634","13","2020-10-28 16:46:01","218000"
"635","13","2020-10-28 16:37:45","285040"
"636","13","2020-10-28 16:29:29","280093"
"637","13","2020-10-28 16:21:13","193653"
"638","13","2020-10-28 16:12:57","334800"
"639","13","2020-10-28 16:04:41","205973"
"640","13","2020-10-28 15:56:25","817832"
"641","13","2020-10-28 15:48:09","297168"
"642","13","2020-10-28 15:39:53","419133"
"643","13","2020-10-28 15:31:37","0"
"644","13","2020-10-28 15:23:21","240572"
"645","13","2020-10-28 15:15:05","153600"
"646","13","2020-10-28 15:06:49","293600"
"647","13","2020-10-28 15:01:01","218466"
"648","13","2020-10-28 14:55:13","252200"
"649","13","2020-10-28 14:49:25","193000"
"650","13","2020-10-28 14:43:37","297426"
"651","13","2020-10-28 14:37:49","160173"
"652","13","2020-10-28 14:32:01","194040"
"653","13","2020-10-28 14:26:13","303920"
"654","13","2020-10-28 14:20:25","323800"
"655","13","2020-10-28 14:14:37","251266"
"656","13","2020-10-28 14:08:49","201173"
"657","13","2020-10-28 14:03:01","306040"
"658","13","2020-10-28 13:57:13","322080"
"659","13","2020-10-28 13:51:25","210160"
"660","13","2020-10-28 13:45:37","332626"
"661","13","2020-10-28 13:39:49","312234"
"662","13","2020-10-28 13:34:01","0"
"663","13","2020-10-28 13:28:13","510964"
"664","13","2020-10-28 13:22:25","241466"
"665","13","2020-10-28 13:16:37","264066"
"666","13","2020-10-28 13:10:49","466586"
"667","13","2020-10-28 13:05:01","187996"
"668","13","2020-10-28 12:59:13","217430"
"669","13","2020-10-28 12:53:25","259026"
"670","13","2020-10-28 12:47:37","267253"
"671","13","2020-10-28 12:41:49","298253"
"672","13","2020-10-28 12:36:01","373192"
"673","13","2020-10-28 12:30:13","296973"
"674","13","2020-10-28 12:24:25","229466"
"675","13","2020-10-28 12:18:37","0"
"676","13","2020-10-28 12:12:49","309216"
"677","13","2020-10-28 12:07:01","1025280"
"678","13","2020-10-28 12:01:18","166053"
"679","13","2020-10-28 11:55:35","0"
"680","13","2020-10-28 11:49:52","201693"
"681","13","2020-10-28 11:44:09","0"
"682","13","2020-10-28 11:38:26","224333"
"683","13","2020-10-28 11:32:43","248306"
"684","13","2020-10-28 11:27:00","205520"
"685","13","2020-10-28 11:21:17","245573"
"686","13","2020-10-28 11:15:34","413947"
"687","13","2020-10-28 11:09:51","299866"
"688","13","2020-10-28 11:04:08","255573"
"689","13","2020-10-28 10:58:25","190866"
"690","13","2020-10-28 10:52:42","348773"
"691","13","2020-10-28 10:46:59","268760"
"692","13","2020-10-28 10:41:16","281862"
"693","13","2020-10-28 10:35:33","278813"
"694","13","2020-10-28 10:29:50","254400"
"695","13","2020-10-28 10:24:07","170813"
"696","13","2020-10-28 10:18:24","477026"
"697","13","2020-10-28 10:12:41","313693"
"698","13","2020-10-28 10:06:58","178000"
"699","13","2020-10-28 10:01:58","179200"
"700","13","2020-10-28 09:56:58","196186"
"701","13","2020-10-28 09:51:58","220426"
"702","13","2020-10-28 09:46:58","258946"
"703","13","2020-10-28 09:41:58","121160"
"704","13","2020-10-28 09:36:58","290360"
"705","13","2020-10-28 09:31:58","280519"
"706","13","2020-10-28 09:26:58","300733"
"707","13","2020-10-28 09:21:58","0"
"708","13","2020-10-28 09:16:58","223235"
"709","13","2020-10-28 09:11:58","165666"
"710","13","2020-10-28 09:06:58","212309"
"711","13","2020-10-28 08:58:24","0"
"712","13","2020-10-28 08:49:50","170000"
"713","13","2020-10-28 08:41:16","235581"
"714","13","2020-10-28 08:32:42","333733"
"715","13","2020-10-28 08:24:08","212653"
"716","13","2020-10-28 08:15:34","288453"
"717","13","2020-10-28 08:07:00","0"
"718","12","2020-10-27 18:58:56","434720"
"719","12","2020-10-27 18:50:58","0"
"720","12","2020-10-27 18:43:00","243026"
"721","12","2020-10-27 18:35:02","279306"
"722","12","2020-10-27 18:27:04","174026"
"723","12","2020-10-27 18:19:06","235986"
"724","12","2020-10-27 18:11:08","184040"
"725","12","2020-10-27 18:03:10","217106"
"726","12","2020-10-27 17:55:12","236266"
"727","12","2020-10-27 17:47:14","312360"
"728","12","2020-10-27 17:39:16","216847"
"729","12","2020-10-27 17:31:18","0"
"730","12","2020-10-27 17:23:20","263573"
"731","12","2020-10-27 17:15:22","215266"
"732","12","2020-10-27 17:07:24","476266"
"733","12","2020-10-27 16:59:26","322168"
"734","12","2020-10-27 16:51:28","0"
"735","12","2020-10-27 16:43:30","302647"
"736","12","2020-10-27 16:35:32","226733"
"737","12","2020-10-27 16:27:34","286219"
"738","12","2020-10-27 16:19:36","0"
"739","12","2020-10-27 16:11:38","314026"
"740","12","2020-10-27 16:03:40","237893"
"741","12","2020-10-27 15:55:42","261680"
"742","12","2020-10-27 15:47:44","272000"
"743","12","2020-10-27 15:39:46","0"
"744","12","2020-10-27 15:31:48","0"
"745","12","2020-10-27 15:23:50","281960"
"746","12","2020-10-27 15:18:23","133400"
"747","12","2020-10-27 15:12:56","347760"
"748","12","2020-10-27 15:07:29","217173"
"749","12","2020-10-27 15:02:02","295373"
"750","12","2020-10-27 14:56:35","0"
"751","12","2020-10-27 14:51:08","264469"
"752","12","2020-10-27 14:45:41","191946"
"753","12","2020-10-27 14:40:14","270960"
"754","12","2020-10-27 14:34:47","277586"
"755","12","2020-10-27 14:29:20","265173"
"756","12","2020-10-27 14:23:53","432546"
"757","12","2020-10-27 14:18:26","304526"
"758","12","2020-10-27 14:12:59","0"
"759","12","2020-10-27 14:07:32","209956"
"760","12","2020-10-27 14:02:05","241840"
"761","12","2020-10-27 13:56:38","262493"
"762","12","2020-10-27 13:51:11","231133"
"763","12","2020-10-27 13:45:44","314440"
"764","12","2020-10-27 13:40:17","0"
"765","12","2020-10-27 13:34:50","145706"
"766","12","2020-10-27 13:29:23","260106"
"767","12","2020-10-27 13:23:56","275253"
"768","12","2020-10-27 13:18:29","274213"
"769","12","2020-10-27 13:13:02","196093"
"770","12","2020-10-27 13:07:35","225946"
"771","12","2020-10-27 13:02:08","0"
"772","12","2020-10-27 12:53:41","357266"
"773","12","2020-10-27 12:44:14","285546"
"774","12","2020-10-27 12:38:47","309920"
"775","12","2020-10-27 12:33:20","209733"
"776","12","2020-10-27 12:17:53","289177"
"777","12","2020-10-27 12:12:26","294826"
"778","12","2020-10-27 12:06:59","285569"
"779","12","2020-10-27 12:01:46","448720"
"780","12","2020-10-27 11:56:33","401413"
"781","12","2020-10-27 11:51:20","0"
"782","12","2020-10-27 11:46:07","222453"
"783","12","2020-10-27 11:40:54","201800"
"784","12","2020-10-27 11:35:41","216013"
"785","12","2020-10-27 11:30:28","0"
"786","12","2020-10-27 11:25:15","232520"
"787","12","2020-10-27 11:20:02","335240"
"788","12","2020-10-27 11:14:49","176546"
"789","12","2020-10-27 11:09:36","319693"
"790","12","2020-10-27 11:04:23","216733"
"791","12","2020-10-27 10:59:10","295466"
"792","12","2020-10-27 10:53:57","243600"
"793","12","2020-10-27 10:48:44","227705"
"794","12","2020-10-27 10:43:31","338840"
"795","12","2020-10-27 10:38:18","218560"
"796","12","2020-10-27 10:33:05","302533"
"797","12","2020-10-27 10:27:52","276666"
"798","12","2020-10-27 10:22:39","303253"
"799","12","2020-10-27 10:17:26","248040"
"800","12","2020-10-27 10:12:13","374440"
"801","12","2020-10-27 10:07:00","168440"
"802","12","2020-10-27 09:59:30","187013"
"803","12","2020-10-27 09:52:00","146560"
"804","12","2020-10-27 09:44:30","214733"
"805","12","2020-10-27 09:37:00","182733"
"806","12","2020-10-27 09:29:30","214106"
"807","12","2020-10-27 09:22:00","281613"
"808","12","2020-10-27 09:14:30","312360"
"809","12","2020-10-27 09:07:00","943528"
"810","12","2020-10-27 08:59:30","237466"
"811","12","2020-10-27 08:52:00","246333"
"812","12","2020-10-27 08:44:30","201733"
"813","12","2020-10-27 08:37:00","274226"
"814","12","2020-10-27 08:29:30","254691"
"815","12","2020-10-27 08:22:00","230026"
"816","12","2020-10-27 08:14:30","0"
"817","12","2020-10-27 08:07:00","220666"
"818","11","2020-10-26 18:36:04","169413"
"819","11","2020-10-26 18:30:06","311026"
"820","11","2020-10-26 18:24:08","242412"
"821","11","2020-10-26 18:18:10","204240"
"822","11","2020-10-26 18:12:12","264253"
"823","11","2020-10-26 18:06:14","173426"
"824","11","2020-10-26 18:00:16","131706"
"825","11","2020-10-26 17:54:18","287867"
"826","11","2020-10-26 17:48:20","318533"
"827","11","2020-10-26 17:42:22","195133"
"828","11","2020-10-26 17:36:24","196776"
"829","11","2020-10-26 17:30:26","238733"
"830","11","2020-10-26 17:24:28","218666"
"831","11","2020-10-26 17:18:30","0"
"832","11","2020-10-26 17:12:32","327893"
"833","11","2020-10-26 17:06:34","212160"
"834","11","2020-10-26 17:00:36","243466"
"835","11","2020-10-26 16:54:38","224880"
"836","11","2020-10-26 16:48:40","262773"
"837","11","2020-10-26 16:42:42","178266"
"838","11","2020-10-26 16:36:44","283872"
"839","11","2020-10-26 16:30:46","236866"
"840","11","2020-10-26 16:24:48","258920"
"841","11","2020-10-26 16:18:50","187853"
"842","11","2020-10-26 16:12:52","224466"
"843","11","2020-10-26 16:06:54","188666"
"844","11","2020-10-26 16:00:56","0"
"845","11","2020-10-26 15:54:58","210626"
"846","11","2020-10-26 15:49:00","260826"
"847","11","2020-10-26 15:43:02","279440"
"848","11","2020-10-26 15:37:04","251866"
"849","11","2020-10-26 15:31:06","163266"
"850","11","2020-10-26 15:25:08","0"
"851","11","2020-10-26 15:19:10","444148"
"852","11","2020-10-26 15:13:12","302000"
"853","11","2020-10-26 15:07:14","215586"
"854","11","2020-10-26 15:01:56","243573"
"855","11","2020-10-26 14:56:38","236720"
"856","11","2020-10-26 14:51:20","147840"
"857","11","2020-10-26 14:46:02","156506"
"858","11","2020-10-26 14:40:44","257920"
"859","11","2020-10-26 14:35:26","327040"
"860","11","2020-10-26 14:30:08","247373"
"861","11","2020-10-26 14:24:50","222320"
"862","11","2020-10-26 14:19:32","310266"
"863","11","2020-10-26 14:14:14","363586"
"864","11","2020-10-26 14:08:56","0"
"865","11","2020-10-26 14:03:38","0"
"866","11","2020-10-26 13:58:20","175373"
"867","11","2020-10-26 13:53:02","258026"
"868","11","2020-10-26 13:47:44","233986"
"869","11","2020-10-26 13:42:26","631720"
"870","11","2020-10-26 13:37:08","156426"
"871","11","2020-10-26 13:31:50","245453"
"872","11","2020-10-26 13:26:32","431093"
"873","11","2020-10-26 13:21:14","296680"
"874","11","2020-10-26 13:15:56","205720"
"875","11","2020-10-26 13:10:38","0"
"876","11","2020-10-26 13:05:20","308800"
"877","11","2020-10-26 13:00:02","221853"
"878","11","2020-10-26 12:54:44","158773"
"879","11","2020-10-26 12:49:26","254626"
"880","11","2020-10-26 12:44:08","222973"
"881","11","2020-10-26 12:38:50","0"
"882","11","2020-10-26 12:33:32","177826"
"883","11","2020-10-26 12:28:14","173933"
"884","11","2020-10-26 12:22:56","243760"
"885","11","2020-10-26 12:17:38","276626"
"886","11","2020-10-26 12:12:20","223880"
"887","11","2020-10-26 12:07:02","312626"
"888","11","2020-10-26 12:01:19","533493"
"889","11","2020-10-26 11:55:36","214560"
"890","11","2020-10-26 11:49:53","182952"
"891","11","2020-10-26 11:44:10","197573"
"892","11","2020-10-26 11:38:27","235586"
"893","11","2020-10-26 11:32:44","272173"
"894","11","2020-10-26 11:27:01","213133"
"895","11","2020-10-26 11:21:18","294800"
"896","11","2020-10-26 11:15:35","255733"
"897","11","2020-10-26 11:09:52","200480"
"898","11","2020-10-26 11:04:09","257733"
"899","11","2020-10-26 10:58:26","166706"
"900","11","2020-10-26 10:52:43","225024"
"901","11","2020-10-26 10:47:00","532266"
"902","11","2020-10-26 10:41:17","202445"
"903","11","2020-10-26 10:35:34","233240"
"904","11","2020-10-26 10:29:51","210520"
"905","11","2020-10-26 10:24:08","0"
"906","11","2020-10-26 10:18:25","331853"
"907","11","2020-10-26 10:12:42","0"
"908","11","2020-10-26 10:06:59","213800"
"909","11","2020-10-26 10:01:46","387213"
"910","11","2020-10-26 09:56:33","214946"
"911","11","2020-10-26 09:51:20","0"
"912","11","2020-10-26 09:46:07","291400"
"913","11","2020-10-26 09:40:54","183973"
"914","11","2020-10-26 09:35:41","201266"
"915","11","2020-10-26 09:30:28","287733"
"916","11","2020-10-26 09:25:15","204800"
"917","11","2020-10-26 09:20:02","254533"
"918","11","2020-10-26 09:14:49","188986"
"919","11","2020-10-26 09:09:36","218266"
"920","11","2020-10-26 09:04:23","226106"
"921","11","2020-10-26 08:59:10","215333"
"922","11","2020-10-26 08:53:57","285325"
"923","11","2020-10-26 08:48:44","287090"
"924","11","2020-10-26 08:43:31","262996"
"925","11","2020-10-26 08:38:18","279853"
"926","11","2020-10-26 08:33:05","295515"
"927","11","2020-10-26 08:27:52","0"
"928","11","2020-10-26 08:22:39","0"
"929","11","2020-10-26 08:17:26","228866"
"930","11","2020-10-26 08:12:13","224493"
"931","11","2020-10-26 08:07:00","326333"
"932","10","2020-10-23 18:33:27","211680"
"933","10","2020-10-23 18:24:51","457675"
"934","10","2020-10-23 18:16:15","200306"
"935","10","2020-10-23 18:07:39","469224"
"936","10","2020-10-23 17:59:03","353640"
"937","10","2020-10-23 17:50:27","703373"
"938","10","2020-10-23 17:41:51","358453"
"939","10","2020-10-23 17:33:15","216400"
"940","10","2020-10-23 17:24:39","227560"
"941","10","2020-10-23 17:16:03","278733"
"942","10","2020-10-23 17:07:27","222426"
"943","10","2020-10-23 16:58:51","208106"
"944","10","2020-10-23 16:50:15","311080"
"945","10","2020-10-23 16:41:39","222066"
"946","10","2020-10-23 16:33:03","243640"
"947","10","2020-10-23 16:24:27","516893"
"948","10","2020-10-23 16:15:51","250066"
"949","10","2020-10-23 16:07:15","0"
"950","10","2020-10-23 15:58:39","254293"
"951","10","2020-10-23 15:50:03","269000"
"952","10","2020-10-23 15:41:27","337505"
"953","10","2020-10-23 15:32:51","304400"
"954","10","2020-10-23 15:24:15","234336"
"955","10","2020-10-23 15:15:39","167520"
"956","10","2020-10-23 15:07:03","257120"
"957","10","2020-10-23 15:02:11","242000"
"958","10","2020-10-23 14:57:19","213066"
"959","10","2020-10-23 14:52:27","179600"
"960","10","2020-10-23 14:47:35","261506"
"961","10","2020-10-23 14:42:43","190173"
"962","10","2020-10-23 14:37:51","274746"
"963","10","2020-10-23 14:32:59","190706"
"964","10","2020-10-23 14:28:07","195706"
"965","10","2020-10-23 14:23:15","194586"
"966","10","2020-10-23 14:18:23","347666"
"967","10","2020-10-23 14:13:31","291800"
"968","10","2020-10-23 14:08:39","228480"
"969","10","2020-10-23 14:03:47","187666"
"970","10","2020-10-23 13:58:55","263733"
"971","10","2020-10-23 13:54:03","240200"
"972","10","2020-10-23 13:49:11","292173"
"973","10","2020-10-23 13:44:19","241106"
"974","10","2020-10-23 13:39:27","288666"
"975","10","2020-10-23 13:34:35","207093"
"976","10","2020-10-23 13:29:43","353800"
"977","10","2020-10-23 13:24:51","320320"
"978","10","2020-10-23 13:19:59","171600"
"979","10","2020-10-23 13:15:07","161893"
"980","10","2020-10-23 13:10:15","208466"
"981","10","2020-10-23 13:05:23","231367"
"982","10","2020-10-23 13:00:31","263000"
"983","10","2020-10-23 12:55:39","292866"
"984","10","2020-10-23 12:50:47","210933"
"985","10","2020-10-23 12:45:55","283173"
"986","10","2020-10-23 12:41:03","215013"
"987","10","2020-10-23 12:36:11","317240"
"988","10","2020-10-23 12:31:19","183893"
"989","10","2020-10-23 12:26:27","340320"
"990","10","2020-10-23 12:21:35","253213"
"991","10","2020-10-23 12:16:43","224133"
"992","10","2020-10-23 12:11:51","296320"
"993","10","2020-10-23 12:06:59","247786"
"994","10","2020-10-23 12:01:46","197586"
"995","10","2020-10-23 11:56:33","0"
"996","10","2020-10-23 11:51:20","183602"
"997","10","2020-10-23 11:46:07","278600"
"998","10","2020-10-23 11:40:54","210106"
"999","10","2020-10-23 11:35:41","227719"
"1000","10","2020-10-23 11:30:28","187866"
"1001","10","2020-10-23 11:25:15","489506"
"1002","10","2020-10-23 11:20:02","253120"
"1003","10","2020-10-23 11:14:49","238173"
"1004","10","2020-10-23 11:09:36","244400"
"1005","10","2020-10-23 11:04:23","169534"
"1006","10","2020-10-23 10:59:10","266173"
"1007","10","2020-10-23 10:53:57","0"
"1008","10","2020-10-23 10:48:44","255000"
"1009","10","2020-10-23 10:43:31","220400"
"1010","10","2020-10-23 10:38:18","209440"
"1011","10","2020-10-23 10:33:05","297586"
"1012","10","2020-10-23 10:27:52","273826"
"1013","10","2020-10-23 10:22:39","212040"
"1014","10","2020-10-23 10:17:26","0"
"1015","10","2020-10-23 10:12:13","438120"
"1016","10","2020-10-23 10:07:00","284906"
"1017","10","2020-10-23 10:00:20","284654"
"1018","10","2020-10-23 09:53:40","200493"
"1019","10","2020-10-23 09:47:00","222813"
"1020","10","2020-10-23 09:40:20","209266"
"1021","10","2020-10-23 09:33:40","264200"
"1022","10","2020-10-23 09:27:00","214797"
"1023","10","2020-10-23 09:20:20","277866"
"1024","10","2020-10-23 09:13:40","247227"
"1025","10","2020-10-23 09:07:00","194293"
"1026","10","2020-10-23 09:00:20","229720"
"1027","10","2020-10-23 08:53:40","237906"
"1028","10","2020-10-23 08:47:00","240800"
"1029","10","2020-10-23 08:40:20","285066"
"1030","10","2020-10-23 08:33:40","240213"
"1031","10","2020-10-23 08:27:00","388426"
"1032","10","2020-10-23 08:20:20","0"
"1033","10","2020-10-23 08:13:40","166280"
"1034","10","2020-10-23 08:07:00","170396"
"1035","9","2020-10-22 18:31:34","764456"
"1036","9","2020-10-22 18:23:36","366136"
"1037","9","2020-10-22 18:15:38","254760"
"1038","9","2020-10-22 18:07:40","248560"
"1039","9","2020-10-22 17:59:42","256440"
"1040","9","2020-10-22 17:51:44","219253"
"1041","9","2020-10-22 17:43:46","153840"
"1042","9","2020-10-22 17:35:48","183506"
"1043","9","2020-10-22 17:27:50","309973"
"1044","9","2020-10-22 17:19:52","243426"
"1045","9","2020-10-22 17:11:54","183706"
"1046","9","2020-10-22 17:03:56","183093"
"1047","9","2020-10-22 16:55:58","286533"
"1048","9","2020-10-22 16:48:00","0"
"1049","9","2020-10-22 16:40:02","390579"
"1050","9","2020-10-22 16:32:04","142946"
"1051","9","2020-10-22 16:24:06","0"
"1052","9","2020-10-22 16:16:08","0"
"1053","9","2020-10-22 16:08:10","193506"
"1054","9","2020-10-22 16:00:12","376160"
"1055","9","2020-10-22 15:52:14","380053"
"1056","9","2020-10-22 15:44:16","818693"
"1057","9","2020-10-22 15:36:18","0"
"1058","9","2020-10-22 15:31:18","200360"
"1059","9","2020-10-22 15:26:18","329746"
"1060","9","2020-10-22 15:21:18","234080"
"1061","9","2020-10-22 15:16:18","333816"
"1062","9","2020-10-22 15:11:18","201534"
"1063","9","2020-10-22 15:06:18","397768"
"1064","9","2020-10-22 15:01:18","205626"
"1065","9","2020-10-22 14:56:18","239826"
"1066","9","2020-10-22 14:51:18","252946"
"1067","9","2020-10-22 14:46:18","258773"
"1068","9","2020-10-22 14:41:18","288720"
"1069","9","2020-10-22 14:36:18","197200"
"1070","9","2020-10-22 14:31:18","257272"
"1071","9","2020-10-22 14:26:18","237026"
"1072","9","2020-10-22 14:21:18","322866"
"1073","9","2020-10-22 14:16:18","200800"
"1074","9","2020-10-22 14:11:18","300346"
"1075","9","2020-10-22 14:06:18","254120"
"1076","9","2020-10-22 14:01:18","195106"
"1077","9","2020-10-22 13:56:18","243200"
"1078","9","2020-10-22 13:51:18","165853"
"1079","9","2020-10-22 13:46:18","273333"
"1080","9","2020-10-22 13:41:18","279666"
"1081","9","2020-10-22 13:36:18","200146"
"1082","9","2020-10-22 13:31:18","439120"
"1083","9","2020-10-22 13:26:18","316706"
"1084","9","2020-10-22 13:21:18","0"
"1085","9","2020-10-22 13:16:18","298640"
"1086","9","2020-10-22 13:11:18","282746"
"1087","9","2020-10-22 13:06:18","191333"
"1088","9","2020-10-22 13:01:18","269533"
"1089","9","2020-10-22 12:56:18","272906"
"1090","9","2020-10-22 12:51:18","0"
"1091","9","2020-10-22 12:46:18","225360"
"1092","9","2020-10-22 12:41:18","201360"
"1093","9","2020-10-22 12:36:18","172466"
"1094","9","2020-10-22 12:31:18","299266"
"1095","9","2020-10-22 12:26:18","264373"
"1096","9","2020-10-22 12:21:18","266720"
"1097","9","2020-10-22 12:16:18","237360"
"1098","9","2020-10-22 12:11:18","242106"
"1099","9","2020-10-22 12:06:18","283160"
"1100","9","2020-10-22 12:01:30","199066"
"1101","9","2020-10-22 11:56:42","193613"
"1102","9","2020-10-22 11:51:54","290840"
"1103","9","2020-10-22 11:47:06","279333"
"1104","9","2020-10-22 11:42:18","0"
"1105","9","2020-10-22 11:37:30","222266"
"1106","9","2020-10-22 11:32:42","260640"
"1107","9","2020-10-22 11:27:54","228706"
"1108","9","2020-10-22 11:23:06","218293"
"1109","9","2020-10-22 11:18:18","247227"
"1110","9","2020-10-22 11:13:30","226540"
"1111","9","2020-10-22 11:08:42","238680"
"1112","9","2020-10-22 11:03:54","363800"
"1113","9","2020-10-22 10:59:06","222706"
"1114","9","2020-10-22 10:54:18","252360"
"1115","9","2020-10-22 10:49:30","202053"
"1116","9","2020-10-22 10:44:42","266160"
"1117","9","2020-10-22 10:39:54","288640"
"1118","9","2020-10-22 10:35:06","271000"
"1119","9","2020-10-22 10:30:18","193426"
"1120","9","2020-10-22 10:25:30","0"
"1121","9","2020-10-22 10:20:42","285133"
"1122","9","2020-10-22 10:15:54","233493"
"1123","9","2020-10-22 10:11:06","189347"
"1124","9","2020-10-22 10:06:18","0"
"1125","9","2020-10-22 10:01:30","316693"
"1126","9","2020-10-22 09:56:03","213800"
"1127","9","2020-10-22 09:50:36","146480"
"1128","9","2020-10-22 09:45:09","247962"
"1129","9","2020-10-22 09:39:42","176386"
"1130","9","2020-10-22 09:34:15","260506"
"1131","9","2020-10-22 09:28:48","262440"
"1132","9","2020-10-22 09:23:21","0"
"1133","9","2020-10-22 09:17:54","0"
"1134","9","2020-10-22 09:12:27","253813"
"1135","9","2020-10-22 09:07:00","236973"
"1136","9","2020-10-22 08:50:00","320266"
"1137","9","2020-10-22 08:40:00","0"
"1138","9","2020-10-22 08:30:00","203293"
"1139","9","2020-10-22 08:20:00","316717"
"1140","9","2020-10-22 08:11:00","239266"
"1141","9","2020-10-22 08:07:00","225880"
"1142","8","2020-10-21 18:40:10","177560"
"1143","8","2020-10-21 18:32:45","177960"
"1144","8","2020-10-21 18:25:20","721000"
"1145","8","2020-10-21 18:17:55","170893"
"1146","8","2020-10-21 18:10:30","193346"
"1147","8","2020-10-21 18:03:05","216000"
"1148","8","2020-10-21 17:55:40","262748"
"1149","8","2020-10-21 17:48:15","230400"
"1150","8","2020-10-21 17:40:50","0"
"1151","8","2020-10-21 17:33:25","322613"
"1152","8","2020-10-21 17:26:00","260333"
"1153","8","2020-10-21 17:18:35","198906"
"1154","8","2020-10-21 17:11:10","205333"
"1155","8","2020-10-21 17:03:45","268200"
"1156","8","2020-10-21 16:56:20","215360"
"1157","8","2020-10-21 16:48:55","0"
"1158","8","2020-10-21 16:41:30","0"
"1159","8","2020-10-21 16:34:05","177946"
"1160","8","2020-10-21 16:26:40","353693"
"1161","8","2020-10-21 16:19:15","241540"
"1162","8","2020-10-21 16:11:50","214666"
"1163","8","2020-10-21 16:04:25","295586"
"1164","8","2020-10-21 15:57:00","408697"
"1165","8","2020-10-21 15:49:35","399546"
"1166","8","2020-10-21 15:42:10","283786"
"1167","8","2020-10-21 15:34:45","196226"
"1168","8","2020-10-21 15:27:20","234466"
"1169","8","2020-10-21 15:19:55","0"
"1170","8","2020-10-21 15:12:30","282400"
"1171","8","2020-10-21 15:07:12","826813"
"1172","8","2020-10-21 15:01:54","241960"
"1173","8","2020-10-21 14:56:36","226301"
"1174","8","2020-10-21 14:51:18","217906"
"1175","8","2020-10-21 14:46:00","234586"
"1176","8","2020-10-21 14:40:42","236426"
"1177","8","2020-10-21 14:35:24","273906"
"1178","8","2020-10-21 14:30:06","266933"
"1179","8","2020-10-21 14:24:48","295533"
"1180","8","2020-10-21 14:19:30","241906"
"1181","8","2020-10-21 14:14:12","294800"
"1182","8","2020-10-21 14:08:54","168840"
"1183","8","2020-10-21 14:03:36","275493"
"1184","8","2020-10-21 13:58:18","0"
"1185","8","2020-10-21 13:53:00","0"
"1186","8","2020-10-21 13:47:42","175173"
"1187","8","2020-10-21 13:42:24","267533"
"1188","8","2020-10-21 13:37:06","0"
"1189","8","2020-10-21 13:31:48","238560"
"1190","8","2020-10-21 13:26:30","317240"
"1191","8","2020-10-21 13:21:12","219666"
"1192","8","2020-10-21 13:15:54","246413"
"1193","8","2020-10-21 13:10:36","0"
"1194","8","2020-10-21 13:05:18","257480"
"1195","8","2020-10-21 13:00:00","265840"
"1196","8","2020-10-21 12:54:42","536226"
"1197","8","2020-10-21 12:49:24","188266"
"1198","8","2020-10-21 12:44:06","218826"
"1199","8","2020-10-21 12:38:48","292720"
"1200","8","2020-10-21 12:33:30","180840"
"1201","8","2020-10-21 12:28:12","199666"
"1202","8","2020-10-21 12:22:54","297266"
"1203","8","2020-10-21 12:17:36","284863"
"1204","8","2020-10-21 12:12:18","264503"
"1205","8","2020-10-21 12:07:00","218600"
"1206","8","2020-10-21 12:11:40","278746"
"1207","8","2020-10-21 12:06:52","261933"
"1208","8","2020-10-21 12:02:04","302253"
"1209","8","2020-10-21 11:57:16","388624"
"1210","8","2020-10-21 11:52:28","266280"
"1211","8","2020-10-21 11:47:40","263746"
"1212","8","2020-10-21 11:42:52","0"
"1213","8","2020-10-21 11:38:04","187346"
"1214","8","2020-10-21 11:33:16","382466"
"1215","8","2020-10-21 11:28:28","214706"
"1216","8","2020-10-21 11:23:40","173853"
"1217","8","2020-10-21 11:18:52","203506"
"1218","8","2020-10-21 11:14:04","179760"
"1219","8","2020-10-21 11:09:16","134906"
"1220","8","2020-10-21 11:04:28","0"
"1221","8","2020-10-21 10:59:40","0"
"1222","8","2020-10-21 10:54:52","254080"
"1223","8","2020-10-21 10:50:04","381626"
"1224","8","2020-10-21 10:45:16","278133"
"1225","8","2020-10-21 10:40:28","217746"
"1226","8","2020-10-21 10:35:40","0"
"1227","8","2020-10-21 10:30:52","298333"
"1228","8","2020-10-21 10:26:04","0"
"1229","8","2020-10-21 10:21:16","255080"
"1230","8","2020-10-21 10:14:12","216760"
"1231","8","2020-10-21 10:07:08","382533"
"1232","8","2020-10-21 10:00:04","220786"
"1233","8","2020-10-21 09:53:00","176893"
"1234","8","2020-10-21 09:45:56","208466"
"1235","8","2020-10-21 09:38:52","266773"
"1236","8","2020-10-21 09:31:48","218240"
"1237","8","2020-10-21 09:24:44","283360"
"1238","8","2020-10-21 09:17:40","241346"
"1239","8","2020-10-21 09:10:36","211440"
"1240","8","2020-10-21 09:03:32","222146"
"1241","8","2020-10-21 08:56:28","281853"
"1242","8","2020-10-21 08:49:24","130173"
"1243","8","2020-10-21 08:42:20","132840"
"1244","8","2020-10-21 08:35:16","211933"
"1245","8","2020-10-21 08:28:12","181106"
"1246","8","2020-10-21 08:21:08","313573"
"1247","8","2020-10-21 08:14:04","497120"
"1248","8","2020-10-21 08:07:00","169720"
"1249","7","2020-10-20 18:35:20","0"
"1250","7","2020-10-20 18:27:22","221332"
"1251","7","2020-10-20 18:19:24","163373"
"1252","7","2020-10-20 18:11:26","243866"
"1253","7","2020-10-20 18:03:28","350266"
"1254","7","2020-10-20 17:55:30","269693"
"1255","7","2020-10-20 17:47:32","0"
"1256","7","2020-10-20 17:39:34","191960"
"1257","7","2020-10-20 17:31:36","341493"
"1258","7","2020-10-20 17:23:38","310333"
"1259","7","2020-10-20 17:15:40","205653"
"1260","7","2020-10-20 17:07:42","291080"
"1261","7","2020-10-20 16:59:44","157533"
"1262","7","2020-10-20 16:51:46","220560"
"1263","7","2020-10-20 16:43:48","0"
"1264","7","2020-10-20 16:35:50","248986"
"1265","7","2020-10-20 16:27:52","202973"
"1266","7","2020-10-20 16:19:54","352586"
"1267","7","2020-10-20 16:11:56","240426"
"1268","7","2020-10-20 16:03:58","173626"
"1269","7","2020-10-20 15:56:00","198880"
"1270","7","2020-10-20 15:48:02","0"
"1271","7","2020-10-20 15:40:04","301626"
"1272","7","2020-10-20 15:32:06","194426"
"1273","7","2020-10-20 15:24:08","267960"
"1274","7","2020-10-20 15:16:10","290960"
"1275","7","2020-10-20 15:08:12","235613"
"1276","7","2020-10-20 15:03:02","261320"
"1277","7","2020-10-20 14:57:52","233133"
"1278","7","2020-10-20 14:52:42","258066"
"1279","7","2020-10-20 14:47:32","237039"
"1280","7","2020-10-20 14:42:22","269466"
"1281","7","2020-10-20 14:37:12","365480"
"1282","7","2020-10-20 14:32:02","369640"
"1283","7","2020-10-20 14:26:52","231520"
"1284","7","2020-10-20 14:21:42","179832"
"1285","7","2020-10-20 14:16:32","251013"
"1286","7","2020-10-20 14:11:22","210653"
"1287","7","2020-10-20 14:06:12","0"
"1288","7","2020-10-20 14:01:02","235613"
"1289","7","2020-10-20 13:55:52","190986"
"1290","7","2020-10-20 13:50:42","332465"
"1291","7","2020-10-20 13:45:32","276186"
"1292","7","2020-10-20 13:40:22","274867"
"1293","7","2020-10-20 13:35:12","241080"
"1294","7","2020-10-20 13:30:02","239546"
"1295","7","2020-10-20 13:24:52","232640"
"1296","7","2020-10-20 13:19:42","286466"
"1297","7","2020-10-20 13:14:32","331400"
"1298","7","2020-10-20 13:09:22","441132"
"1299","7","2020-10-20 13:04:12","235546"
"1300","7","2020-10-20 12:59:02","175666"
"1301","7","2020-10-20 12:53:52","300564"
"1302","7","2020-10-20 12:48:42","0"
"1303","7","2020-10-20 12:43:32","257546"
"1304","7","2020-10-20 12:38:22","201240"
"1305","7","2020-10-20 12:33:12","0"
"1306","7","2020-10-20 12:28:02","0"
"1307","7","2020-10-20 12:22:52","181933"
"1308","7","2020-10-20 12:17:42","295957"
"1309","7","2020-10-20 12:12:32","281084"
"1310","7","2020-10-20 12:07:22","0"
"1311","7","2020-10-20 12:02:12","245573"
"1312","7","2020-10-20 11:57:24","249733"
"1313","7","2020-10-20 11:52:36","204133"
"1314","7","2020-10-20 11:47:48","145866"
"1315","7","2020-10-20 11:43:00","258120"
"1316","7","2020-10-20 11:38:12","141600"
"1317","7","2020-10-20 11:33:24","241040"
"1318","7","2020-10-20 11:28:36","217653"
"1319","7","2020-10-20 11:23:48","308333"
"1320","7","2020-10-20 11:19:00","253946"
"1321","7","2020-10-20 11:14:12","214880"
"1322","7","2020-10-20 11:09:24","196026"
"1323","7","2020-10-20 11:04:36","280833"
"1324","7","2020-10-20 10:59:48","0"
"1325","7","2020-10-20 10:55:00","302904"
"1326","7","2020-10-20 10:50:12","327853"
"1327","7","2020-10-20 10:45:24","199453"
"1328","7","2020-10-20 10:40:36","194973"
"1329","7","2020-10-20 10:35:48","297146"
"1330","7","2020-10-20 10:31:00","223533"
"1331","7","2020-10-20 10:26:12","465933"
"1332","7","2020-10-20 10:21:24","299506"
"1333","7","2020-10-20 10:16:36","245280"
"1334","7","2020-10-20 10:11:48","206586"
"1335","7","2020-10-20 10:07:00","308906"
"1336","7","2020-10-20 10:00:20","208199"
"1337","7","2020-10-20 09:53:40","195477"
"1338","7","2020-10-20 09:47:00","267054"
"1339","7","2020-10-20 09:40:20","299640"
"1340","7","2020-10-20 09:33:40","389933"
"1341","7","2020-10-20 09:27:00","334186"
"1342","7","2020-10-20 09:20:20","262890"
"1343","7","2020-10-20 09:13:40","189429"
"1344","7","2020-10-20 09:07:00","262133"
"1345","7","2020-10-20 09:00:20","321666"
"1346","7","2020-10-20 08:53:40","254133"
"1347","7","2020-10-20 08:47:00","213533"
"1348","7","2020-10-20 08:40:20","238600"
"1349","7","2020-10-20 08:33:40","171466"
"1350","7","2020-10-20 08:27:00","202666"
"1351","7","2020-10-20 08:20:20","225626"
"1352","7","2020-10-20 08:13:40","235173"
"1353","7","2020-10-20 08:07:00","227266"
"1354","6","2020-10-19 18:40:07","248640"
"1355","6","2020-10-19 18:32:26","155986"
"1356","6","2020-10-19 18:24:45","0"
"1357","6","2020-10-19 18:17:04","242093"
"1358","6","2020-10-19 18:09:23","211960"
"1359","6","2020-10-19 18:01:42","288000"
"1360","6","2020-10-19 17:54:01","231546"
"1361","6","2020-10-19 17:46:20","218960"
"1362","6","2020-10-19 17:38:39","149293"
"1363","6","2020-10-19 17:30:58","371133"
"1364","6","2020-10-19 17:23:17","0"
"1365","6","2020-10-19 17:15:36","231640"
"1366","6","2020-10-19 17:07:55","173266"
"1367","6","2020-10-19 17:00:14","243280"
"1368","6","2020-10-19 16:52:33","198386"
"1369","6","2020-10-19 16:44:52","201133"
"1370","6","2020-10-19 16:37:11","0"
"1371","6","2020-10-19 16:29:30","266013"
"1372","6","2020-10-19 16:21:49","326040"
"1373","6","2020-10-19 16:14:08","257946"
"1374","6","2020-10-19 16:06:27","151773"
"1375","6","2020-10-19 15:58:46","205520"
"1376","6","2020-10-19 15:51:05","344948"
"1377","6","2020-10-19 15:43:24","620101"
"1378","6","2020-10-19 15:35:43","200186"
"1379","6","2020-10-19 15:28:02","236605"
"1380","6","2020-10-19 15:20:21","243840"
"1381","6","2020-10-19 15:12:40","0"
"1382","6","2020-10-19 15:04:59","308266"
"1383","6","2020-10-19 14:57:18","0"
"1384","6","2020-10-19 14:52:09","0"
"1385","6","2020-10-19 14:47:00","248400"
"1386","6","2020-10-19 14:41:51","223004"
"1387","6","2020-10-19 14:36:42","207760"
"1388","6","2020-10-19 14:31:33","191360"
"1389","6","2020-10-19 14:26:24","0"
"1390","6","2020-10-19 14:21:15","271480"
"1391","6","2020-10-19 14:16:06","244293"
"1392","6","2020-10-19 14:10:57","259906"
"1393","6","2020-10-19 14:05:48","258000"
"1394","6","2020-10-19 14:00:39","286844"
"1395","6","2020-10-19 13:55:30","313925"
"1396","6","2020-10-19 13:50:21","299733"
"1397","6","2020-10-19 13:45:12","318066"
"1398","6","2020-10-19 13:40:03","250774"
"1399","6","2020-10-19 13:34:54","150066"
"1400","6","2020-10-19 13:29:45","511400"
"1401","6","2020-10-19 13:24:36","228639"
"1402","6","2020-10-19 13:19:27","189786"
"1403","6","2020-10-19 13:14:18","0"
"1404","6","2020-10-19 13:09:09","293960"
"1405","6","2020-10-19 13:04:00","0"
"1406","6","2020-10-19 12:58:51","277476"
"1407","6","2020-10-19 12:53:42","211933"
"1408","6","2020-10-19 12:48:33","167613"
"1409","6","2020-10-19 12:43:24","351266"
"1410","6","2020-10-19 12:38:15","255080"
"1411","6","2020-10-19 12:33:06","215160"
"1412","6","2020-10-19 12:27:57","0"
"1413","6","2020-10-19 12:22:48","241599"
"1414","6","2020-10-19 12:17:39","260506"
"1415","6","2020-10-19 12:12:30","293586"
"1416","6","2020-10-19 12:07:21","189360"
"1417","6","2020-10-19 12:02:12","163390"
"1418","6","2020-10-19 11:57:24","205026"
"1419","6","2020-10-19 11:52:36","203880"
"1420","6","2020-10-19 11:47:48","248146"
"1421","6","2020-10-19 11:43:00","235600"
"1422","6","2020-10-19 11:38:12","211626"
"1423","6","2020-10-19 11:33:24","204960"
"1424","6","2020-10-19 11:28:36","218560"
"1425","6","2020-10-19 11:23:48","170786"
"1426","6","2020-10-19 11:19:00","395500"
"1427","6","2020-10-19 11:14:12","345186"
"1428","6","2020-10-19 11:09:24","252040"
"1429","6","2020-10-19 11:04:36","175493"
"1430","6","2020-10-19 10:59:48","269533"
"1431","6","2020-10-19 10:55:00","0"
"1432","6","2020-10-19 10:50:12","155840"
"1433","6","2020-10-19 10:45:24","260213"
"1434","6","2020-10-19 10:40:36","0"
"1435","6","2020-10-19 10:35:48","232626"
"1436","6","2020-10-19 10:31:00","180943"
"1437","6","2020-10-19 10:26:12","250222"
"1438","6","2020-10-19 10:21:24","341133"
"1439","6","2020-10-19 10:16:36","224760"
"1440","6","2020-10-19 10:11:48","241226"
"1441","6","2020-10-19 10:07:00","339000"
"1442","6","2020-10-19 10:00:20","245480"
"1443","6","2020-10-19 09:53:40","233866"
"1444","6","2020-10-19 09:47:00","0"
"1445","6","2020-10-19 09:40:20","253666"
"1446","6","2020-10-19 09:33:40","218266"
"1447","6","2020-10-19 09:27:00","0"
"1448","6","2020-10-19 09:20:20","0"
"1449","6","2020-10-19 09:13:40","190173"
"1450","6","2020-10-19 09:07:00","208160"
"1451","6","2020-10-19 09:00:20","137933"
"1452","6","2020-10-19 08:53:40","220266"
"1453","6","2020-10-19 08:47:00","428133"
"1454","6","2020-10-19 08:40:20","221866"
"1455","6","2020-10-19 08:33:40","312613"
"1456","6","2020-10-19 08:27:00","196573"
"1457","6","2020-10-19 08:20:20","282093"
"1458","6","2020-10-19 08:13:40","380893"
"1459","6","2020-10-19 08:07:00","168226"
"1460","5","2020-10-16 18:36:32","266186"
"1461","5","2020-10-16 18:29:03","240120"
"1462","5","2020-10-16 18:21:34","0"
"1463","5","2020-10-16 18:14:05","0"
"1464","5","2020-10-16 18:06:36","262613"
"1465","5","2020-10-16 17:59:07","162666"
"1466","5","2020-10-16 17:51:38","208400"
"1467","5","2020-10-16 17:44:09","248226"
"1468","5","2020-10-16 17:36:40","831440"
"1469","5","2020-10-16 17:29:11","251133"
"1470","5","2020-10-16 17:21:42","329413"
"1471","5","2020-10-16 17:14:13","228653"
"1472","5","2020-10-16 17:06:44","255146"
"1473","5","2020-10-16 16:59:15","181049"
"1474","5","2020-10-16 16:51:46","296080"
"1475","5","2020-10-16 16:44:17","228093"
"1476","5","2020-10-16 16:36:48","266560"
"1477","5","2020-10-16 16:29:19","247960"
"1478","5","2020-10-16 16:21:50","316053"
"1479","5","2020-10-16 16:14:21","0"
"1480","5","2020-10-16 16:06:52","235506"
"1481","5","2020-10-16 15:59:23","0"
"1482","5","2020-10-16 15:51:54","188066"
"1483","5","2020-10-16 15:44:25","0"
"1484","5","2020-10-16 15:36:56","311906"
"1485","5","2020-10-16 15:29:27","0"
"1486","5","2020-10-16 15:21:58","232160"
"1487","5","2020-10-16 15:14:29","205800"
"1488","5","2020-10-16 15:07:00","177768"
"1489","5","2020-10-16 15:02:00","287000"
"1490","5","2020-10-16 14:57:00","236426"
"1491","5","2020-10-16 14:52:00","242080"
"1492","5","2020-10-16 14:47:00","217333"
"1493","5","2020-10-16 14:42:00","175093"
"1494","5","2020-10-16 14:37:00","277773"
"1495","5","2020-10-16 14:32:00","355120"
"1496","5","2020-10-16 14:27:00","320266"
"1497","5","2020-10-16 14:22:00","219466"
"1498","5","2020-10-16 14:17:00","338866"
"1499","5","2020-10-16 14:12:00","227760"
"1500","5","2020-10-16 14:07:00","271546"
"1501","5","2020-10-16 14:02:00","307333"
"1502","5","2020-10-16 13:57:00","238666"
"1503","5","2020-10-16 13:52:00","265533"
"1504","5","2020-10-16 13:47:00","215133"
"1505","5","2020-10-16 13:42:00","241773"
"1506","5","2020-10-16 13:37:00","219320"
"1507","5","2020-10-16 13:32:00","178960"
"1508","5","2020-10-16 13:27:00","194666"
"1509","5","2020-10-16 13:22:00","173493"
"1510","5","2020-10-16 13:17:00","0"
"1511","5","2020-10-16 13:12:00","242173"
"1512","5","2020-10-16 13:07:00","395704"
"1513","5","2020-10-16 13:02:00","0"
"1514","5","2020-10-16 12:57:00","241360"
"1515","5","2020-10-16 12:52:00","430346"
"1516","5","2020-10-16 12:47:00","348440"
"1517","5","2020-10-16 12:42:00","325640"
"1518","5","2020-10-16 12:37:00","264560"
"1519","5","2020-10-16 12:32:00","193106"
"1520","5","2020-10-16 12:27:00","177600"
"1521","5","2020-10-16 12:22:00","179526"
"1522","5","2020-10-16 12:17:00","313706"
"1523","5","2020-10-16 12:12:00","315453"
"1524","5","2020-10-16 12:07:00","241893"
"1525","5","2020-10-16 12:01:47","228081"
"1526","5","2020-10-16 11:56:34","289146"
"1527","5","2020-10-16 11:51:21","276213"
"1528","5","2020-10-16 11:46:08","0"
"1529","5","2020-10-16 11:40:55","0"
"1530","5","2020-10-16 11:35:42","202440"
"1531","5","2020-10-16 11:30:29","212346"
"1532","5","2020-10-16 11:25:16","296120"
"1533","5","2020-10-16 11:20:03","233240"
"1534","5","2020-10-16 11:14:50","0"
"1535","5","2020-10-16 11:09:37","311906"
"1536","5","2020-10-16 11:04:24","0"
"1537","5","2020-10-16 10:59:11","202573"
"1538","5","2020-10-16 10:53:58","221693"
"1539","5","2020-10-16 10:48:45","263546"
"1540","5","2020-10-16 10:43:32","315400"
"1541","5","2020-10-16 10:38:19","187293"
"1542","5","2020-10-16 10:33:06","152053"
"1543","5","2020-10-16 10:27:53","265866"
"1544","5","2020-10-16 10:22:40","263200"
"1545","5","2020-10-16 10:17:27","254120"
"1546","5","2020-10-16 10:12:14","0"
"1547","5","2020-10-16 10:07:01","0"
"1548","5","2020-10-16 10:00:42","157560"
"1549","5","2020-10-16 09:54:23","215866"
"1550","5","2020-10-16 09:48:04","350358"
"1551","5","2020-10-16 09:41:45","172645"
"1552","5","2020-10-16 09:35:26","202866"
"1553","5","2020-10-16 09:29:07","189226"
"1554","5","2020-10-16 09:22:48","205986"
"1555","5","2020-10-16 09:16:29","0"
"1556","5","2020-10-16 09:10:10","615760"
"1557","5","2020-10-16 09:03:51","0"
"1558","5","2020-10-16 08:57:32","224906"
"1559","5","2020-10-16 08:51:13","246840"
"1560","5","2020-10-16 08:44:54","271026"
"1561","5","2020-10-16 08:38:35","213173"
"1562","5","2020-10-16 08:32:16","359520"
"1563","5","2020-10-16 08:25:57","183800"
"1564","5","2020-10-16 08:19:38","214706"
